datetime,Buy=1/Sell=0,RSI of first peak,RSI of 2nd peak,Price angle,RSI angle,Price of first peak($),Price of 2nd peak($),Peak to peak duration(HOUR),SL(%) in 48 hours,SL Duration (Hour),TP(%),TP Duration(HOUR),Closing %,Profit time dependence (Short time and small profit is acceptable),Profit cout off 2%,Algo Signal few hours before entry (2--6 hours),Algo Signal at entry,RSI Direction Buy/Sell,Signal to RSI true or false,Signal Correct,Signal and RSI both correct,gain=1/ loss=0 order,gain first and Sell,loss first and Buy,loss first and Sell,gain first and Buy,gain first Buy and TP > SL,gain first Buy and TP < SL,loss first Buy and TP > SL,loss first Buy and TP < SL,gain first Sell and TP >SL,gain first Sell and TP<SL,loss first Sell and TP >SL,loss first Sell and TP<SL,avg gain  AB,avg gain  AC,avg gain  AD,avg gain  AE,avg gain  AF,avg gain  AG,avg gain  AH,avg gain  AI,loss AB,loss AC,loss AD,loss AE,loss AF,loss AG,loss AH,loss AI,close,next_24h_datetime,close_next_24h,closing%,Closing Ab,Closing AC,Closing AD,closing AE,closing AF,closing AG,closing AH,closing AI,gain Dur AB,gain Dur AC,gain Dur AD,gain Dur AE,gain Dur AF,gain Dur AG,gain Dur AH,gain Dur AI,loss Dur AB,loss Dur AC,loss Dur AD,loss Dur AE,loss Dur AF,loss Dur AG,loss Dur AH,loss Dur AI
4/3/2023 3:00,1,28.15,29.12,-47,0.161666667,27849,27567,6,1.93%,18,3.70%,7,2.54%,1,1,,,,,,,1,FALSE,FALSE,FALSE,TRUE,TRUE,FALSE,FALSE,FALSE,FALSE,FALSE,FALSE,FALSE,3.70%,FALSE,FALSE,FALSE,FALSE,FALSE,FALSE,FALSE,0.0193,FALSE,FALSE,FALSE,FALSE,FALSE,FALSE,FALSE,27738.1,4/4/2023 3:00,27843.7,0.38%,0.003807038,FALSE,FALSE,FALSE,FALSE,FALSE,FALSE,FALSE,7,FALSE,FALSE,FALSE,FALSE,FALSE,FALSE,FALSE,18,FALSE,FALSE,FALSE,FALSE,FALSE,FALSE,FALSE
4/18/2023 3:00,1,23.03,31.97,-12.5,0.745,29235,29085,12,3.18%,44,3.27%,9,-3.18%,1,1,,Weak Sell,buy,0,0,,1,FALSE,FALSE,FALSE,TRUE,TRUE,FALSE,FALSE,FALSE,FALSE,FALSE,FALSE,FALSE,3.27%,FALSE,FALSE,FALSE,FALSE,FALSE,FALSE,FALSE,0.0318,FALSE,FALSE,FALSE,FALSE,FALSE,FALSE,FALSE,29431.7,4/19/2023 3:00,30199.9,2.61%,0.026101109,FALSE,FALSE,FALSE,FALSE,FALSE,FALSE,FALSE,9,FALSE,FALSE,FALSE,FALSE,FALSE,FALSE,FALSE,44,FALSE,FALSE,FALSE,FALSE,FALSE,FALSE,FALSE
4/20/2023 13:00,1,24.79,28.49,-18.75,0.308333333,28523,28298,12,5.91%,33,0.01%,0,-5.54%,0,0,,Medium Sell,buy,0,1,,1,FALSE,FALSE,FALSE,TRUE,FALSE,TRUE,FALSE,FALSE,FALSE,FALSE,FALSE,FALSE,FALSE,0.01%,FALSE,FALSE,FALSE,FALSE,FALSE,FALSE,FALSE,0.0591,FALSE,FALSE,FALSE,FALSE,FALSE,FALSE,28803.9,4/21/2023 13:00,28104,-2.43%,FALSE,-2.43%,FALSE,FALSE,FALSE,FALSE,FALSE,FALSE,FALSE,0,FALSE,FALSE,FALSE,FALSE,FALSE,FALSE,FALSE,33,FALSE,FALSE,FALSE,FALSE,FALSE,FALSE
5/1/2023 7:00,1,26.02,28.01,-19,0.4975,28380,28304,4,3.12%,13,0.94%,36,0.01%,0,0,,Medium buy,buy,1,0,,0,FALSE,TRUE,FALSE,FALSE,FALSE,FALSE,FALSE,TRUE,FALSE,FALSE,FALSE,FALSE,FALSE,FALSE,FALSE,0.94%,FALSE,FALSE,FALSE,FALSE,FALSE,FALSE,FALSE,0.0312,FALSE,FALSE,FALSE,FALSE,28610,5/2/2023 7:00,28045,-1.97%,FALSE,FALSE,FALSE,-1.97%,FALSE,FALSE,FALSE,FALSE,FALSE,FALSE,FALSE,36,FALSE,FALSE,FALSE,FALSE,FALSE,FALSE,FALSE,13,FALSE,FALSE,FALSE,FALSE
5/8/2023 20:00,1,23.15,25.52,-30.90909091,0.215454546,27600,27260,11,2.72%,45,2.80%,41,1.64%,1,1,,Medium sell,buy,0,0,,1,FALSE,FALSE,FALSE,TRUE,TRUE,FALSE,FALSE,FALSE,FALSE,FALSE,FALSE,FALSE,2.80%,FALSE,FALSE,FALSE,FALSE,FALSE,FALSE,FALSE,0.0272,FALSE,FALSE,FALSE,FALSE,FALSE,FALSE,FALSE,27519,5/9/2023 20:00,27636,0.43%,0.004251608,FALSE,FALSE,FALSE,FALSE,FALSE,FALSE,FALSE,41,FALSE,FALSE,FALSE,FALSE,FALSE,FALSE,FALSE,45,FALSE,FALSE,FALSE,FALSE,FALSE,FALSE,FALSE
5/15/2023 2:00,0,71.67,66.79,9.111111111,-0.542222222,27184,27266,9,1.83%,15,1.06%,23,0.26%,1,0,,Weak buy,sell,0,0,,0,FALSE,FALSE,TRUE,FALSE,FALSE,FALSE,FALSE,FALSE,FALSE,FALSE,FALSE,TRUE,FALSE,FALSE,FALSE,FALSE,FALSE,FALSE,FALSE,1.06%,FALSE,FALSE,FALSE,FALSE,FALSE,FALSE,FALSE,0.0183,27144.1,5/16/2023 2:00,27067,-0.28%,FALSE,FALSE,FALSE,FALSE,FALSE,FALSE,FALSE,-0.28%,FALSE,FALSE,FALSE,FALSE,FALSE,FALSE,FALSE,23,FALSE,FALSE,FALSE,FALSE,FALSE,FALSE,FALSE,15
5/21/2023 2:00,0,71.29,69.93,18.71428571,-0.194285714,27141,27272,7,1.15%,46,2.15%,24,-0.91%,1,1,,weak sell,sell,1,1,1,1,TRUE,FALSE,FALSE,FALSE,FALSE,FALSE,FALSE,FALSE,TRUE,FALSE,FALSE,FALSE,FALSE,FALSE,FALSE,FALSE,2.15%,FALSE,FALSE,FALSE,FALSE,FALSE,FALSE,FALSE,0.0115,FALSE,FALSE,FALSE,27158.7,5/22/2023 2:00,26640.7,-1.91%,FALSE,FALSE,FALSE,FALSE,-1.91%,FALSE,FALSE,FALSE,FALSE,FALSE,FALSE,FALSE,24,FALSE,FALSE,FALSE,FALSE,FALSE,FALSE,FALSE,46,FALSE,FALSE,FALSE
5/25/2023 3:00,1,18.1,27.03,-24.90909091,0.811818182,26162,25888,11,0.13%,5,2.98%,35,2.27%,1,1,,weak sell ,buy,0,0,,0,FALSE,TRUE,FALSE,FALSE,FALSE,FALSE,TRUE,FALSE,FALSE,FALSE,FALSE,FALSE,FALSE,FALSE,2.98%,FALSE,FALSE,FALSE,FALSE,FALSE,FALSE,FALSE,0.0013,FALSE,FALSE,FALSE,FALSE,FALSE,26171,5/26/2023 3:00,26425.7,0.97%,FALSE,FALSE,0.97%,FALSE,FALSE,FALSE,FALSE,FALSE,FALSE,FALSE,35,FALSE,FALSE,FALSE,FALSE,FALSE,FALSE,FALSE,5,FALSE,FALSE,FALSE,FALSE,FALSE
5/31/2023 17:00,1,24.44,25.6,-16.5,0.116,27028,26863,10,1.73%,9,0.86%,7,0.34%,1,0,,Medium sell,buy,0,0,,1,FALSE,FALSE,FALSE,TRUE,FALSE,TRUE,FALSE,FALSE,FALSE,FALSE,FALSE,FALSE,FALSE,0.86%,FALSE,FALSE,FALSE,FALSE,FALSE,FALSE,FALSE,0.0173,FALSE,FALSE,FALSE,FALSE,FALSE,FALSE,27044.3,6/1/2023 17:00,26947.9,-0.36%,FALSE,-0.36%,FALSE,FALSE,FALSE,FALSE,FALSE,FALSE,FALSE,7,FALSE,FALSE,FALSE,FALSE,FALSE,FALSE,FALSE,9,FALSE,FALSE,FALSE,FALSE,FALSE,FALSE
6/5/2023 12:00,1,24.84,26.83,-14.25,0.4975,26754,26697,4,5.45%,25,2.15%,37,-1.14%,1,1,Strong buy,Medium buy,buy,1,1,1,0,FALSE,TRUE,FALSE,FALSE,FALSE,FALSE,FALSE,TRUE,FALSE,FALSE,FALSE,FALSE,FALSE,FALSE,FALSE,2.15%,FALSE,FALSE,FALSE,FALSE,FALSE,FALSE,FALSE,0.0545,FALSE,FALSE,FALSE,FALSE,26684.8,6/6/2023 12:00,25524.4,-4.35%,FALSE,FALSE,FALSE,-4.35%,FALSE,FALSE,FALSE,FALSE,FALSE,FALSE,FALSE,37,FALSE,FALSE,FALSE,FALSE,FALSE,FALSE,FALSE,25,FALSE,FALSE,FALSE,FALSE
6/7/2023 2:00,0,77.64,76.17,24.25,-0.3675,27251,27348,4,0.28%,10,2.79%,20,1.55%,1,1,strong sell,strong sell,sell,1,1,1,0,FALSE,FALSE,TRUE,FALSE,FALSE,FALSE,FALSE,FALSE,FALSE,FALSE,TRUE,FALSE,FALSE,FALSE,FALSE,FALSE,FALSE,FALSE,2.79%,FALSE,FALSE,FALSE,FALSE,FALSE,FALSE,FALSE,0.0028,FALSE,26930.2,6/8/2023 2:00,26374.4,-2.06%,FALSE,FALSE,FALSE,FALSE,FALSE,FALSE,-2.06%,FALSE,FALSE,FALSE,FALSE,FALSE,FALSE,FALSE,20,FALSE,FALSE,FALSE,FALSE,FALSE,FALSE,FALSE,10,FALSE
6/10/2023 5:00,1,13.74,37.33,-7.846153846,1.814615385,25463,25361,13,0.65%,31,1.60%,25,0.65%,1,0,medium buy,medium buy,buy,1,1,1,1,FALSE,FALSE,FALSE,TRUE,TRUE,FALSE,FALSE,FALSE,FALSE,FALSE,FALSE,FALSE,1.60%,FALSE,FALSE,FALSE,FALSE,FALSE,FALSE,FALSE,0.0065,FALSE,FALSE,FALSE,FALSE,FALSE,FALSE,FALSE,25504.6,6/11/2023 5:00,25805.8,1.18%,0.011809634,FALSE,FALSE,FALSE,FALSE,FALSE,FALSE,FALSE,25,FALSE,FALSE,FALSE,FALSE,FALSE,FALSE,FALSE,31,FALSE,FALSE,FALSE,FALSE,FALSE,FALSE,FALSE
6/15/2023 12:00,1,16.53,35.17,-2.266666667,1.242666667,24829,24795,15,0.50%,4,7.11%,41,6.13%,1,1,strong sell,strong sell,buy,0,0,,0,FALSE,TRUE,FALSE,FALSE,FALSE,FALSE,TRUE,FALSE,FALSE,FALSE,FALSE,FALSE,FALSE,FALSE,7.11%,FALSE,FALSE,FALSE,FALSE,FALSE,FALSE,FALSE,0.005,FALSE,FALSE,FALSE,FALSE,FALSE,24944.5,6/16/2023 12:00,25555.3,2.45%,FALSE,FALSE,2.45%,FALSE,FALSE,FALSE,FALSE,FALSE,FALSE,FALSE,41,FALSE,FALSE,FALSE,FALSE,FALSE,FALSE,FALSE,4,FALSE,FALSE,FALSE,FALSE,FALSE
6/17/2023 8:00,0,80,75.96,30.63636364,-0.367272727,26486,26823,11,0.52%,36,0.83%,7,0.36%,1,0,weak sell,weak buy,sell,0,0,,1,TRUE,FALSE,FALSE,FALSE,FALSE,FALSE,FALSE,FALSE,TRUE,FALSE,FALSE,FALSE,FALSE,FALSE,FALSE,FALSE,0.83%,FALSE,FALSE,FALSE,FALSE,FALSE,FALSE,FALSE,0.0052,FALSE,FALSE,FALSE,26590.6,6/18/2023 8:00,26488.7,-0.38%,FALSE,FALSE,FALSE,FALSE,-0.38%,FALSE,FALSE,FALSE,FALSE,FALSE,FALSE,FALSE,7,FALSE,FALSE,FALSE,FALSE,FALSE,FALSE,FALSE,36,FALSE,FALSE,FALSE
7/24/2023 17:00,1,24.13,28.53,-24.16666667,0.733333333,29000,28855,6,0.37%,2,0.88%,25,0.88%,0,0,medium buy,weak sell,buy,0,1,,0,FALSE,TRUE,FALSE,FALSE,FALSE,FALSE,TRUE,FALSE,FALSE,FALSE,FALSE,FALSE,FALSE,FALSE,0.88%,FALSE,FALSE,FALSE,FALSE,FALSE,FALSE,FALSE,0.0037,FALSE,FALSE,FALSE,FALSE,FALSE,29031.6,7/25/2023 17:00,29260.4,0.79%,FALSE,FALSE,0.79%,FALSE,FALSE,FALSE,FALSE,FALSE,FALSE,FALSE,25,FALSE,FALSE,FALSE,FALSE,FALSE,FALSE,FALSE,2,FALSE,FALSE,FALSE,FALSE,FALSE
8/1/2023 16:00,1,25.18,31.77,-1.272727273,0.599090909,28805,28791,11,0.38%,24,3.51%,9,0.66%,1,1,weak buy ,medium sell,buy,0,0,,1,FALSE,FALSE,FALSE,TRUE,TRUE,FALSE,FALSE,FALSE,FALSE,FALSE,FALSE,FALSE,3.51%,FALSE,FALSE,FALSE,FALSE,FALSE,FALSE,FALSE,0.0038,FALSE,FALSE,FALSE,FALSE,FALSE,FALSE,FALSE,28922.1,8/2/2023 16:00,29014.2,0.32%,0.003184416,FALSE,FALSE,FALSE,FALSE,FALSE,FALSE,FALSE,9,FALSE,FALSE,FALSE,FALSE,FALSE,FALSE,FALSE,24,FALSE,FALSE,FALSE,FALSE,FALSE,FALSE,FALSE
8/31/2023 22:00,1,18.55,19.17,-110.8,0.124,26216,25662,5,2.79%,19,0.20%,14,-0.84%,0,0,strong buy,strong buy,buy,1,0,,1,FALSE,FALSE,FALSE,TRUE,FALSE,TRUE,FALSE,FALSE,FALSE,FALSE,FALSE,FALSE,FALSE,0.20%,FALSE,FALSE,FALSE,FALSE,FALSE,FALSE,FALSE,0.0279,FALSE,FALSE,FALSE,FALSE,FALSE,FALSE,26042.8,9/1/2023 22:00,25749.9,-1.12%,FALSE,-1.12%,FALSE,FALSE,FALSE,FALSE,FALSE,FALSE,FALSE,14,FALSE,FALSE,FALSE,FALSE,FALSE,FALSE,FALSE,19,FALSE,FALSE,FALSE,FALSE,FALSE,FALSE
9/11/2023 21:00,1,22.68,30.16,-12.6,1.496,24962,24899,5,0.10%,48,5.55%,19,4.41%,1,1,weak buy ,Mediun buy,buy,1,1,1,1,FALSE,FALSE,FALSE,TRUE,TRUE,FALSE,FALSE,FALSE,FALSE,FALSE,FALSE,FALSE,5.55%,FALSE,FALSE,FALSE,FALSE,FALSE,FALSE,FALSE,0.001,FALSE,FALSE,FALSE,FALSE,FALSE,FALSE,FALSE,25137.7,9/12/2023 21:00,26090,3.79%,0.037883339,FALSE,FALSE,FALSE,FALSE,FALSE,FALSE,FALSE,19,FALSE,FALSE,FALSE,FALSE,FALSE,FALSE,FALSE,48,FALSE,FALSE,FALSE,FALSE,FALSE,FALSE,FALSE
9/19/2023 10:00,0,85.55,68.29,2,-0.821904762,27415,27457,21,1.50%,5,1.57%,48,1.57%,0,0,medium buy,weak buy,sell,0,1,,0,FALSE,FALSE,TRUE,FALSE,FALSE,FALSE,FALSE,FALSE,FALSE,FALSE,TRUE,FALSE,FALSE,FALSE,FALSE,FALSE,FALSE,FALSE,1.57%,FALSE,FALSE,FALSE,FALSE,FALSE,FALSE,FALSE,0.015,FALSE,27158.1,9/20/2023 10:00,27069.2,-0.33%,FALSE,FALSE,FALSE,FALSE,FALSE,FALSE,-0.33%,FALSE,FALSE,FALSE,FALSE,FALSE,FALSE,FALSE,48,FALSE,FALSE,FALSE,FALSE,FALSE,FALSE,FALSE,5,FALSE
10/2/2023 4:00,0,87.4,84.8,25,-0.52,28063,28188,5,2.10%,10,2.22%,17,2%,1,1,strong sell,weak sell,sell,1,1,1,0,FALSE,FALSE,TRUE,FALSE,FALSE,FALSE,FALSE,FALSE,FALSE,FALSE,TRUE,FALSE,FALSE,FALSE,FALSE,FALSE,FALSE,FALSE,2.22%,FALSE,FALSE,FALSE,FALSE,FALSE,FALSE,FALSE,0.021,FALSE,28054,10/3/2023 4:00,27620,-1.55%,FALSE,FALSE,FALSE,FALSE,FALSE,FALSE,-1.55%,FALSE,FALSE,FALSE,FALSE,FALSE,FALSE,FALSE,17,FALSE,FALSE,FALSE,FALSE,FALSE,FALSE,FALSE,10,FALSE
10/9/2023 17:00,1,23.02,26.76,-36.5,0.935,27394,27248,4,3.75%,48,0.10%,15,3.75%,0,0,mix,medium buy,buy,1,0,,1,FALSE,FALSE,FALSE,TRUE,FALSE,TRUE,FALSE,FALSE,FALSE,FALSE,FALSE,FALSE,FALSE,0.10%,FALSE,FALSE,FALSE,FALSE,FALSE,FALSE,FALSE,0.0375,FALSE,FALSE,FALSE,FALSE,FALSE,FALSE,27582.6,10/10/2023 17:00,27356.9,-0.82%,FALSE,-0.82%,FALSE,FALSE,FALSE,FALSE,FALSE,FALSE,FALSE,15,FALSE,FALSE,FALSE,FALSE,FALSE,FALSE,FALSE,48,FALSE,FALSE,FALSE,FALSE,FALSE,FALSE
10/16/2023 17:00,0,89.21,83.37,44.11111111,-0.648888889,27979,28376,9,3.25%,37,0.10%,48,-1.15%,0,0,miedium sell,strong sell,sell,1,0,,0,FALSE,FALSE,TRUE,FALSE,FALSE,FALSE,FALSE,FALSE,FALSE,FALSE,FALSE,TRUE,FALSE,FALSE,FALSE,FALSE,FALSE,FALSE,FALSE,0.10%,FALSE,FALSE,FALSE,FALSE,FALSE,FALSE,FALSE,0.0325,28219,10/17/2023 17:00,28414.9,0.69%,FALSE,FALSE,FALSE,FALSE,FALSE,FALSE,FALSE,0.69%,FALSE,FALSE,FALSE,FALSE,FALSE,FALSE,FALSE,48,FALSE,FALSE,FALSE,FALSE,FALSE,FALSE,FALSE,37
10/23/2023 17:00,0,76.9,73.37,36.46153846,-0.271538462,30806,31280,13,14.55%,9,0.10%,48,-12.60%,0,0,medium buy,strong buy,sell,0,1,,0,FALSE,FALSE,TRUE,FALSE,FALSE,FALSE,FALSE,FALSE,FALSE,FALSE,FALSE,TRUE,FALSE,FALSE,FALSE,FALSE,FALSE,FALSE,FALSE,0.10%,FALSE,FALSE,FALSE,FALSE,FALSE,FALSE,FALSE,0.1455,30964,10/24/2023 17:00,33785.9,9.11%,FALSE,FALSE,FALSE,FALSE,FALSE,FALSE,FALSE,9.11%,FALSE,FALSE,FALSE,FALSE,FALSE,FALSE,FALSE,48,FALSE,FALSE,FALSE,FALSE,FALSE,FALSE,FALSE,9
11/5/2023 4:00,0,71.24,69.28,25.4,-0.392,35188,35315,5,0.68%,18,1.74%,17,0.44%,1,0,weak sell,weak sell,sell,1,1,1,1,TRUE,FALSE,FALSE,FALSE,FALSE,FALSE,FALSE,FALSE,TRUE,FALSE,FALSE,FALSE,FALSE,FALSE,FALSE,FALSE,1.74%,FALSE,FALSE,FALSE,FALSE,FALSE,FALSE,FALSE,0.0068,FALSE,FALSE,FALSE,35159.1,11/6/2023 4:00,34890.4,-0.76%,FALSE,FALSE,FALSE,FALSE,-0.76%,FALSE,FALSE,FALSE,FALSE,FALSE,FALSE,FALSE,17,FALSE,FALSE,FALSE,FALSE,FALSE,FALSE,FALSE,18,FALSE,FALSE,FALSE
11/20/2023 17:00,0,80,64.82,13.5,-0.843333333,37500,37743,18,0.84%,7,4.36%,30,-0.80%,1,1,medium sell,medium buy,sell,0,0,,0,FALSE,FALSE,TRUE,FALSE,FALSE,FALSE,FALSE,FALSE,FALSE,FALSE,TRUE,FALSE,FALSE,FALSE,FALSE,FALSE,FALSE,FALSE,4.36%,FALSE,FALSE,FALSE,FALSE,FALSE,FALSE,FALSE,0.0084,FALSE,37598.1,11/21/2023 17:00,36913.6,-1.82%,FALSE,FALSE,FALSE,FALSE,FALSE,FALSE,-1.82%,FALSE,FALSE,FALSE,FALSE,FALSE,FALSE,FALSE,30,FALSE,FALSE,FALSE,FALSE,FALSE,FALSE,FALSE,7,FALSE
11/29/2023 10:00,0,75.8,68.72,-11.6,-0.472,38246,38072,15,2.47%,46,0.87%,5,-0.23%,1,0,strong buy,medium sell,sell,1,1,1,1,TRUE,FALSE,FALSE,FALSE,FALSE,FALSE,FALSE,FALSE,FALSE,TRUE,FALSE,FALSE,FALSE,FALSE,FALSE,FALSE,FALSE,0.87%,FALSE,FALSE,FALSE,FALSE,FALSE,FALSE,FALSE,0.0247,FALSE,FALSE,37965.1,11/30/2023 10:00,37661.7,-0.80%,FALSE,FALSE,FALSE,FALSE,FALSE,-0.80%,FALSE,FALSE,FALSE,FALSE,FALSE,FALSE,FALSE,5,FALSE,FALSE,FALSE,FALSE,FALSE,FALSE,FALSE,46,FALSE,FALSE
12/1/2023 18:00,0,78.88,70.5,42.57142857,-1.197142857,38701,38999,7,3%,47,0.10%,48,-2.19%,0,0,strong sell,medium sell,sell,1,0,,0,FALSE,FALSE,TRUE,FALSE,FALSE,FALSE,FALSE,FALSE,FALSE,FALSE,FALSE,TRUE,FALSE,FALSE,FALSE,FALSE,FALSE,FALSE,FALSE,0.10%,FALSE,FALSE,FALSE,FALSE,FALSE,FALSE,FALSE,0.03,38691.7,12/2/2023 18:00,38856.2,0.43%,FALSE,FALSE,FALSE,FALSE,FALSE,FALSE,FALSE,0.43%,FALSE,FALSE,FALSE,FALSE,FALSE,FALSE,FALSE,48,FALSE,FALSE,FALSE,FALSE,FALSE,FALSE,FALSE,47
12/4/2023 10:00,0,86.21,82.53,116.8,-0.736,41500,42084,5,7.03%,36,0.92%,5,-6.03%,1,0,strong sell ,strong sell,sell,1,1,1,1,TRUE,FALSE,FALSE,FALSE,FALSE,FALSE,FALSE,FALSE,FALSE,TRUE,FALSE,FALSE,FALSE,FALSE,FALSE,FALSE,FALSE,0.92%,FALSE,FALSE,FALSE,FALSE,FALSE,FALSE,FALSE,0.0703,FALSE,FALSE,41991.3,12/5/2023 10:00,41618.1,-0.89%,FALSE,FALSE,FALSE,FALSE,FALSE,-0.89%,FALSE,FALSE,FALSE,FALSE,FALSE,FALSE,FALSE,5,FALSE,FALSE,FALSE,FALSE,FALSE,FALSE,FALSE,36,FALSE,FALSE
12/16/2023 1:00,1,29.54,36.73,-7.125,0.89875,41650,41593,8,2.67%,48,1.39%,15,-2.67%,1,0,weak buy ,strong buy,buy,1,1,1,1,FALSE,FALSE,FALSE,TRUE,FALSE,TRUE,FALSE,FALSE,FALSE,FALSE,FALSE,FALSE,FALSE,1.39%,FALSE,FALSE,FALSE,FALSE,FALSE,FALSE,FALSE,0.0267,FALSE,FALSE,FALSE,FALSE,FALSE,FALSE,42094.9,12/17/2023 1:00,42029,-0.16%,FALSE,-0.16%,FALSE,FALSE,FALSE,FALSE,FALSE,FALSE,FALSE,15,FALSE,FALSE,FALSE,FALSE,FALSE,FALSE,FALSE,48,FALSE,FALSE,FALSE,FALSE,FALSE,FALSE
12/18/2023 11:00,1,23.24,31.94,-44,1.0875,40847,40495,8,0.72%,2,5.45%,15,4.14%,1,1,strong buy,strong buy,buy,1,1,1,0,FALSE,TRUE,FALSE,FALSE,FALSE,FALSE,TRUE,FALSE,FALSE,FALSE,FALSE,FALSE,FALSE,FALSE,5.45%,FALSE,FALSE,FALSE,FALSE,FALSE,FALSE,FALSE,0.0072,FALSE,FALSE,FALSE,FALSE,FALSE,41137.3,12/19/2023 11:00,43003.9,4.54%,FALSE,FALSE,4.54%,FALSE,FALSE,FALSE,FALSE,FALSE,FALSE,FALSE,15,FALSE,FALSE,FALSE,FALSE,FALSE,FALSE,FALSE,2,FALSE,FALSE,FALSE,FALSE,FALSE
1/2/2024 4:00,0,85.11,82.81,112,-0.766666667,45182,45518,3,1.61%,5,6.80%,34,4.46%,1,1,strong sell,medium sell,sell,1,1,1,0,FALSE,FALSE,TRUE,FALSE,FALSE,FALSE,FALSE,FALSE,FALSE,FALSE,TRUE,FALSE,FALSE,FALSE,FALSE,FALSE,FALSE,FALSE,6.80%,FALSE,FALSE,FALSE,FALSE,FALSE,FALSE,FALSE,0.0161,FALSE,45211.7,1/3/2024 4:00,45218.8,0.02%,FALSE,FALSE,FALSE,FALSE,FALSE,FALSE,0.02%,FALSE,FALSE,FALSE,FALSE,FALSE,FALSE,FALSE,34,FALSE,FALSE,FALSE,FALSE,FALSE,FALSE,FALSE,5,FALSE
1/19/2024 17:00,1,20.12,26.27,-24.7,0.3075,40738,40244,20,0.01%,48,2.54%,3,1.36%,1,1,weak buy ,weak sell,buy,0,0,,1,FALSE,FALSE,FALSE,TRUE,TRUE,FALSE,FALSE,FALSE,FALSE,FALSE,FALSE,FALSE,2.54%,FALSE,FALSE,FALSE,FALSE,FALSE,FALSE,FALSE,0.0001,FALSE,FALSE,FALSE,FALSE,FALSE,FALSE,FALSE,41239.1,1/20/2024 17:00,41586.6,0.84%,0.008426469,FALSE,FALSE,FALSE,FALSE,FALSE,FALSE,FALSE,3,FALSE,FALSE,FALSE,FALSE,FALSE,FALSE,FALSE,48,FALSE,FALSE,FALSE,FALSE,FALSE,FALSE,FALSE
1/22/2024 11:00,1,23.33,30.44,-77.2,1.422,40768,40382,5,5.91%,27,0.60%,2,-2.52%,0,0,medium buy,medium buy,buy,1,0,,1,FALSE,FALSE,FALSE,TRUE,FALSE,TRUE,FALSE,FALSE,FALSE,FALSE,FALSE,FALSE,FALSE,0.60%,FALSE,FALSE,FALSE,FALSE,FALSE,FALSE,FALSE,0.0591,FALSE,FALSE,FALSE,FALSE,FALSE,FALSE,40809.4,1/23/2024 11:00,38850.1,-4.80%,FALSE,-4.80%,FALSE,FALSE,FALSE,FALSE,FALSE,FALSE,FALSE,2,FALSE,FALSE,FALSE,FALSE,FALSE,FALSE,FALSE,27,FALSE,FALSE,FALSE,FALSE,FALSE,FALSE
1/23/2024 16:00,1,24.52,27.53,-36.66666667,1.003333333,38688,38578,3,1.10%,3,2.73%,18,0.90%,1,1,medium buy,strong sell,buy,0,0,,0,FALSE,TRUE,FALSE,FALSE,FALSE,FALSE,TRUE,FALSE,FALSE,FALSE,FALSE,FALSE,FALSE,FALSE,2.73%,FALSE,FALSE,FALSE,FALSE,FALSE,FALSE,FALSE,0.011,FALSE,FALSE,FALSE,FALSE,FALSE,39312.8,1/24/2024 16:00,40186,2.22%,FALSE,FALSE,2.22%,FALSE,FALSE,FALSE,FALSE,FALSE,FALSE,FALSE,18,FALSE,FALSE,FALSE,FALSE,FALSE,FALSE,FALSE,3,FALSE,FALSE,FALSE,FALSE,FALSE
1/26/2024 15:00,0,76.87,74.9,92,-0.656666667,41320,41596,3,3.87%,38,0.10%,48,-2.50%,0,0,weak sell,weak sell,sell,1,0,,0,FALSE,FALSE,TRUE,FALSE,FALSE,FALSE,FALSE,FALSE,FALSE,FALSE,FALSE,TRUE,FALSE,FALSE,FALSE,FALSE,FALSE,FALSE,FALSE,0.10%,FALSE,FALSE,FALSE,FALSE,FALSE,FALSE,FALSE,0.0387,41399.8,1/27/2024 15:00,41797.4,0.96%,FALSE,FALSE,FALSE,FALSE,FALSE,FALSE,FALSE,0.96%,FALSE,FALSE,FALSE,FALSE,FALSE,FALSE,FALSE,48,FALSE,FALSE,FALSE,FALSE,FALSE,FALSE,FALSE,38
1/30/2024 3:00,0,71.83,71.47,47.8,-0.036,43308,43786,10,0.89%,9,3.54%,46,2.91%,1,1,weak buy ,weak sell,sell,1,1,1,0,FALSE,FALSE,TRUE,FALSE,FALSE,FALSE,FALSE,FALSE,FALSE,FALSE,TRUE,FALSE,FALSE,FALSE,FALSE,FALSE,FALSE,FALSE,3.54%,FALSE,FALSE,FALSE,FALSE,FALSE,FALSE,FALSE,0.0089,FALSE,43502.9,1/31/2024 3:00,42918,-1.34%,FALSE,FALSE,FALSE,FALSE,FALSE,FALSE,-1.34%,FALSE,FALSE,FALSE,FALSE,FALSE,FALSE,FALSE,46,FALSE,FALSE,FALSE,FALSE,FALSE,FALSE,FALSE,9,FALSE
2/1/2024 3:00,1,29.7,32.93,-32.53333333,0.215333333,42369,41881,15,0.51%,9,2.95%,21,2.43%,1,1,medium sell,weak sell,buy,0,0,,0,FALSE,TRUE,FALSE,FALSE,FALSE,FALSE,TRUE,FALSE,FALSE,FALSE,FALSE,FALSE,FALSE,FALSE,2.95%,FALSE,FALSE,FALSE,FALSE,FALSE,FALSE,FALSE,0.0051,FALSE,FALSE,FALSE,FALSE,FALSE,41998,2/2/2024 3:00,43018.1,2.43%,FALSE,FALSE,2.43%,FALSE,FALSE,FALSE,FALSE,FALSE,FALSE,FALSE,21,FALSE,FALSE,FALSE,FALSE,FALSE,FALSE,FALSE,9,FALSE,FALSE,FALSE,FALSE,FALSE
2/8/2024 11:00,0,81.34,75.58,19,-0.576,44681,44871,10,7.84%,31,0.01%,48,5.62%,0,0,strong sell,weak sell,sell,1,1,1,0,FALSE,FALSE,TRUE,FALSE,FALSE,FALSE,FALSE,FALSE,FALSE,FALSE,FALSE,TRUE,FALSE,FALSE,FALSE,FALSE,FALSE,FALSE,FALSE,0.01%,FALSE,FALSE,FALSE,FALSE,FALSE,FALSE,FALSE,0.0784,44677.9,2/9/2024 11:00,47155.9,5.55%,FALSE,FALSE,FALSE,FALSE,FALSE,FALSE,FALSE,5.55%,FALSE,FALSE,FALSE,FALSE,FALSE,FALSE,FALSE,48,FALSE,FALSE,FALSE,FALSE,FALSE,FALSE,FALSE,31
2/12/2024 22:00,0,78.31,71.64,64.2,-1.334,49916,50237,5,4.47%,40,2.89%,20,-3.94%,1,1,weak sell,medium sell,sell,1,1,1,1,TRUE,FALSE,FALSE,FALSE,FALSE,FALSE,FALSE,FALSE,FALSE,TRUE,FALSE,FALSE,FALSE,FALSE,FALSE,FALSE,FALSE,2.89%,FALSE,FALSE,FALSE,FALSE,FALSE,FALSE,FALSE,0.0447,FALSE,FALSE,50040,2/13/2024 22:00,49518.5,-1.04%,FALSE,FALSE,FALSE,FALSE,FALSE,-1.04%,FALSE,FALSE,FALSE,FALSE,FALSE,FALSE,FALSE,20,FALSE,FALSE,FALSE,FALSE,FALSE,FALSE,FALSE,40,FALSE,FALSE
2/14/2024 15:00,0,77.16,76.52,67,-0.128,51680,52015,5,2.87%,23,0.01%,48,-1.23%,0,0,strong sell,strong sell,sell,1,0,,0,FALSE,FALSE,TRUE,FALSE,FALSE,FALSE,FALSE,FALSE,FALSE,FALSE,FALSE,TRUE,FALSE,FALSE,FALSE,FALSE,FALSE,FALSE,FALSE,0.01%,FALSE,FALSE,FALSE,FALSE,FALSE,FALSE,FALSE,0.0287,51616.4,2/15/2024 15:00,51968.7,0.68%,FALSE,FALSE,FALSE,FALSE,FALSE,FALSE,FALSE,0.68%,FALSE,FALSE,FALSE,FALSE,FALSE,FALSE,FALSE,48,FALSE,FALSE,FALSE,FALSE,FALSE,FALSE,FALSE,23
2/27/2024 14:00,0,88.59,79.45,11.45454545,-0.830909091,57111,57237,11,13%,27,0.01%,48,11.14%,0,0,medium sell,weak sell,sell,1,0,,0,FALSE,FALSE,TRUE,FALSE,FALSE,FALSE,FALSE,FALSE,FALSE,FALSE,FALSE,TRUE,FALSE,FALSE,FALSE,FALSE,FALSE,FALSE,FALSE,0.01%,FALSE,FALSE,FALSE,FALSE,FALSE,FALSE,FALSE,0.13,57018,2/28/2024 14:00,61025.9,7.03%,FALSE,FALSE,FALSE,FALSE,FALSE,FALSE,FALSE,7.03%,FALSE,FALSE,FALSE,FALSE,FALSE,FALSE,FALSE,48,FALSE,FALSE,FALSE,FALSE,FALSE,FALSE,FALSE,27
2/29/2024 10:00,0,72.54,70.02,156,-0.36,62613,63705,7,2%,6,2.97%,10,0.74%,1,1,weak sell,weak buy,sell,0,1,,0,FALSE,FALSE,TRUE,FALSE,FALSE,FALSE,FALSE,FALSE,FALSE,FALSE,TRUE,FALSE,FALSE,FALSE,FALSE,FALSE,FALSE,FALSE,2.97%,FALSE,FALSE,FALSE,FALSE,FALSE,FALSE,FALSE,0.02,FALSE,62792.8,3/1/2024 10:00,62055,-1.17%,FALSE,FALSE,FALSE,FALSE,FALSE,FALSE,-1.17%,FALSE,FALSE,FALSE,FALSE,FALSE,FALSE,FALSE,10,FALSE,FALSE,FALSE,FALSE,FALSE,FALSE,FALSE,6,FALSE
3/5/2024 18:00,0,83.46,66.69,-47.64,1.524545455,68814,69338,11,1.37%,17,11.08%,4,,1,1,weak buy ,weak sell,sell,1,1,1,1,TRUE,FALSE,FALSE,FALSE,FALSE,FALSE,FALSE,FALSE,TRUE,FALSE,FALSE,FALSE,FALSE,FALSE,FALSE,FALSE,11.08%,FALSE,FALSE,FALSE,FALSE,FALSE,FALSE,FALSE,0.0137,FALSE,FALSE,FALSE,64075.9,3/6/2024 18:00,67162.8,4.82%,FALSE,FALSE,FALSE,FALSE,4.82%,FALSE,FALSE,FALSE,FALSE,FALSE,FALSE,FALSE,4,FALSE,FALSE,FALSE,FALSE,FALSE,FALSE,FALSE,17,FALSE,FALSE,FALSE
3/11/2024 15:00,0,75.61,73.62,-104.33,0.663333333,71993,72306,3,3.15%,44,3.89%,28,,1,1,strong sell,strong sell,sell,1,1,1,1,TRUE,FALSE,FALSE,FALSE,FALSE,FALSE,FALSE,FALSE,TRUE,FALSE,FALSE,FALSE,FALSE,FALSE,FALSE,FALSE,3.89%,FALSE,FALSE,FALSE,FALSE,FALSE,FALSE,FALSE,0.0315,FALSE,FALSE,FALSE,72061.4,3/12/2024 15:00,71779.2,-0.39%,FALSE,FALSE,FALSE,FALSE,-0.39%,FALSE,FALSE,FALSE,FALSE,FALSE,FALSE,FALSE,28,FALSE,FALSE,FALSE,FALSE,FALSE,FALSE,FALSE,44,FALSE,FALSE,FALSE
3/15/2024 8:00,1,23.76,26.57,174.8,-0.281,68605,66857,10,3.33%,42,4.05%,13,,1,1,medium buy,strong buy,buy,1,1,1,1,FALSE,FALSE,FALSE,TRUE,TRUE,FALSE,FALSE,FALSE,FALSE,FALSE,FALSE,FALSE,4.05%,FALSE,FALSE,FALSE,FALSE,FALSE,FALSE,FALSE,0.0333,FALSE,FALSE,FALSE,FALSE,FALSE,FALSE,FALSE,67122.6,3/16/2024 8:00,69082.8,2.92%,0.029203279,FALSE,FALSE,FALSE,FALSE,FALSE,FALSE,FALSE,13,FALSE,FALSE,FALSE,FALSE,FALSE,FALSE,FALSE,42,FALSE,FALSE,FALSE,FALSE,FALSE,FALSE,FALSE
3/17/2024 10:00,1,26.92,31.26,33.83,-0.723333333,64758,64555,6,0.01%,48,4.97%,10,,1,1,medium sell,medium sell,buy,0,0,,1,FALSE,FALSE,FALSE,TRUE,TRUE,FALSE,FALSE,FALSE,FALSE,FALSE,FALSE,FALSE,4.97%,FALSE,FALSE,FALSE,FALSE,FALSE,FALSE,FALSE,0.0001,FALSE,FALSE,FALSE,FALSE,FALSE,FALSE,FALSE,67225.3,3/18/2024 10:00,68187.3,1.43%,0.014310089,FALSE,FALSE,FALSE,FALSE,FALSE,FALSE,FALSE,10,FALSE,FALSE,FALSE,FALSE,FALSE,FALSE,FALSE,48,FALSE,FALSE,FALSE,FALSE,FALSE,FALSE,FALSE
3/19/2024 18:00,1,20.64,27.5,119.67,-1.143333333,63156,62438,6,4.39%,14,3.55%,2,,1,1,strong sell,medium sell,buy,0,1,,1,FALSE,FALSE,FALSE,TRUE,FALSE,TRUE,FALSE,FALSE,FALSE,FALSE,FALSE,FALSE,FALSE,3.55%,FALSE,FALSE,FALSE,FALSE,FALSE,FALSE,FALSE,0.0439,FALSE,FALSE,FALSE,FALSE,FALSE,FALSE,64762.9,3/20/2024 18:00,65455.4,1.07%,FALSE,1.07%,FALSE,FALSE,FALSE,FALSE,FALSE,FALSE,FALSE,2,FALSE,FALSE,FALSE,FALSE,FALSE,FALSE,FALSE,14,FALSE,FALSE,FALSE,FALSE,FALSE,FALSE
3/23/2024 1:00,1,25.06,35.01,41.38,-1.24375,62659,62328,8,0.01%,48,4.60%,19,,1,1,strong sell,weak sell,buy,0,0,,1,FALSE,FALSE,FALSE,TRUE,TRUE,FALSE,FALSE,FALSE,FALSE,FALSE,FALSE,FALSE,4.60%,FALSE,FALSE,FALSE,FALSE,FALSE,FALSE,FALSE,0.0001,FALSE,FALSE,FALSE,FALSE,FALSE,FALSE,FALSE,64147.3,3/24/2024 1:00,64512,0.57%,0.005685352,FALSE,FALSE,FALSE,FALSE,FALSE,FALSE,FALSE,19,FALSE,FALSE,FALSE,FALSE,FALSE,FALSE,FALSE,48,FALSE,FALSE,FALSE,FALSE,FALSE,FALSE,FALSE
3/26/2024 11:00,0,82.37,65.85,-36.82,1.501818182,71220,71625,11,1.47%,29,3.31%,30,,1,1,weak sell,weak buy,sell,0,0,,0,FALSE,FALSE,TRUE,FALSE,FALSE,FALSE,FALSE,FALSE,FALSE,FALSE,TRUE,FALSE,FALSE,FALSE,FALSE,FALSE,FALSE,FALSE,3.31%,FALSE,FALSE,FALSE,FALSE,FALSE,FALSE,FALSE,0.0147,FALSE,70734.2,3/27/2024 11:00,70290.3,-0.63%,FALSE,FALSE,FALSE,FALSE,FALSE,FALSE,-0.63%,FALSE,FALSE,FALSE,FALSE,FALSE,FALSE,FALSE,30,FALSE,FALSE,FALSE,FALSE,FALSE,FALSE,FALSE,29,FALSE
4/10/2024 16:00,1,23.28,29.52,34.05,-0.312,68237,67556,20,0.01%,48,4.80%,9,,1,1,weak sell ,weak sell,buy,0,0,,1,FALSE,FALSE,FALSE,TRUE,TRUE,FALSE,FALSE,FALSE,FALSE,FALSE,FALSE,FALSE,4.80%,FALSE,FALSE,FALSE,FALSE,FALSE,FALSE,FALSE,0.0001,FALSE,FALSE,FALSE,FALSE,FALSE,FALSE,FALSE,69542,4/11/2024 16:00,70062,0.75%,0.007477496,FALSE,FALSE,FALSE,FALSE,FALSE,FALSE,FALSE,9,FALSE,FALSE,FALSE,FALSE,FALSE,FALSE,FALSE,48,FALSE,FALSE,FALSE,FALSE,FALSE,FALSE,FALSE
4/25/2024 13:00,1,23.44,28.96,18.4,-0.368,63580,63304,15,1.85%,39,2.61%,8,,1,1,,,buy,,,,1,FALSE,FALSE,FALSE,TRUE,TRUE,FALSE,FALSE,FALSE,FALSE,FALSE,FALSE,FALSE,2.61%,FALSE,FALSE,FALSE,FALSE,FALSE,FALSE,FALSE,0.0185,FALSE,FALSE,FALSE,FALSE,FALSE,FALSE,FALSE,68817,4/26/2024 13:00,"67,409",-2.05%,-0.020460061,FALSE,FALSE,FALSE,FALSE,FALSE,FALSE,FALSE,8,FALSE,FALSE,FALSE,FALSE,FALSE,FALSE,FALSE,39,FALSE,FALSE,FALSE,FALSE,FALSE,FALSE,FALSE
4/29/2024 17:00,1,26.59,34.66,71.2,-0.807,62470,61758,10,8.88%,17,3.81%,10,,1,1,,,,,,,1,FALSE,FALSE,FALSE,TRUE,FALSE,TRUE,FALSE,FALSE,FALSE,FALSE,FALSE,FALSE,FALSE,3.81%,FALSE,FALSE,FALSE,FALSE,FALSE,FALSE,FALSE,0.0888,FALSE,FALSE,FALSE,FALSE,FALSE,FALSE,69777,4/30/2024 17:00,"67,567",-3.17%,FALSE,-3.17%,FALSE,FALSE,FALSE,FALSE,FALSE,FALSE,FALSE,10,FALSE,FALSE,FALSE,FALSE,FALSE,FALSE,FALSE,17,FALSE,FALSE,FALSE,FALSE,FALSE,FALSE
5/4/2024 15:00,0,80.8,78.96,-93.79,0.131428571,63212,64525,14,2.60%,46,1.45%,12,,1,0,,,,,,,1,TRUE,FALSE,FALSE,FALSE,FALSE,FALSE,FALSE,FALSE,FALSE,TRUE,FALSE,FALSE,FALSE,FALSE,FALSE,FALSE,FALSE,1.45%,FALSE,FALSE,FALSE,FALSE,FALSE,FALSE,FALSE,0.026,FALSE,FALSE,69913,5/5/2024 15:00,"67,683",-3.19%,FALSE,FALSE,FALSE,FALSE,FALSE,-3.19%,FALSE,FALSE,FALSE,FALSE,FALSE,FALSE,FALSE,12,FALSE,FALSE,FALSE,FALSE,FALSE,FALSE,FALSE,46,FALSE,FALSE
5/13/2024 20:00,0,75.47,71.4,-23.57,0.581428571,63271,63436,7,2.79%,48,2.99%,20,,1,1,,,,,,,1,TRUE,FALSE,FALSE,FALSE,FALSE,FALSE,FALSE,FALSE,TRUE,FALSE,FALSE,FALSE,FALSE,FALSE,FALSE,FALSE,2.99%,FALSE,FALSE,FALSE,FALSE,FALSE,FALSE,FALSE,0.0279,FALSE,FALSE,FALSE,68912,5/14/2024 20:00,"68,224",-1.00%,FALSE,FALSE,FALSE,FALSE,-1.00%,FALSE,FALSE,FALSE,FALSE,FALSE,FALSE,FALSE,20,FALSE,FALSE,FALSE,FALSE,FALSE,FALSE,FALSE,48,FALSE,FALSE,FALSE
,,88.53,86.82,9.853610885,0.049892625,66384,66444,4,2.76%,26.78,2.55%,22.24074074,,1,1,,,,,,,55.56%,,,,,12,8,6,2,6,4,8,8,3.67%,1.32%,3.68%,1.55%,3.78%,1.53%,3.45%,0.19%,1.18%,4.50%,0.56%,4.29%,1.61%,4.14%,1.34%,6.28%,,,,,1.10%,-1.47%,2.23%,-3.16%,0.06%,-1.48%,-1.11%,3.02%,14,8,26,37,17,11,29,45,40,27,4,19,35,42,10,28
,,,,,,,,,,,,,,,,,,,,,,,,,,,22.22%,14.81%,11.11%,3.70%,11.11%,7.41%,14.81%,14.81%,,,,,,,,,,,,,,,,,,,,,,,,,,,,,,,,,,,,,,,,,,,,
,,,,,,,,,,,,,Count Profit,41,32,,,,49,49,,,,,,,,,,,,,,,,,,,,,,,,,,,,,,,,,,,,,,,,,,,,,,,,,,,,,,,,,,
,,,,,,,,,,,,,Win rate,76%,59%,,,,27,24,18,,,,,,,,,,,,,,,,,,,,,,,,,,,,,,,,,,,,,,,,,,,,,,,,,,,,,,,,,
