NO,Datetime,Type,first peak/valley value,datetime1,second peak/valley value,datetime2,Duration,RSI MA(14),datetime,entry_price,exit_price,MA20,MA50,MA100,MA200,Result (48h) %,Max TP,datetimeTP,Max SL,datetimeSL,gain=1/ loss=0 order,gain first and TP > SL,gain first and TP < SL,loss first and TP > SL,loss first and TP < SL,loss_duration,TP_duration,gain of W=True,gain of X=True,gain of Y=True,gain of Z=True,loss of W=True,loss of X=True,loss of Y=true,loss of Z=True,gain Dur of W=True,gain Dur of X=True,gain Dur of Y=True,gain Dur of Z=True,loss Dur of W=True,loss Dur of X=True,loss Dur of Y=True,loss Dur of Z=True,closing W,closing X,closing Y,closing Z
1,3/10/2023 11:00,Buy,50.55234709,3/9/2023 20:00,45.70034483,2/5/2023 17:00,771:00:00,41.37025526,3/10/2023 11:00,19750,20435,20115.305,20195.346,21622.806,23616.921,3.47%,4.681012658,3/11/2023 1:00,-0.506329114,3/10/2023 14:00,0,FALSE,FALSE,TRUE,FALSE,3:00:00,14:00:00,0,0,4.681012658,0,0,0,-0.506329114,0,0:00:00,0:00:00,14:00:00,0:00:00,0:00:00,0:00:00,3:00:00,0:00:00,0.00%,0.00%,3.47%,0.00%
9,3/23/2024 5:00,Buy,31.22474005,3/22/2023 19:00,54.91703382,3/7/2023 20:00,359:00:00,44.95416171,3/23/2024 5:00,64106.6,67395,64797.335,65370.47,67635.919,68862.1175,5.13%,5.73014323,3/25/2024 5:00,-0.443948049,3/24/2024 4:00,0,FALSE,FALSE,TRUE,FALSE,23:00:00,48:00:00,0,0,5.73014323,0,0,0,-0.443948049,0,0:00:00,0:00:00,48:00:00,0:00:00,0:00:00,0:00:00,23:00:00,0:00:00,0.00%,0.00%,5.13%,0.00%
14,4/18/2023 2:00,Buy,36.50126153,4/17/2023 15:00,51.17678376,2/10/2023 12:00,1587:00:00,49.00705014,4/18/2023 2:00,29453.2,28734.4,29979.46,29689.816,28899.58,28250.688,-2.44%,3.486208629,4/18/2023 12:00,-3.041774748,4/19/2023 23:00,1,TRUE,FALSE,FALSE,FALSE,45:00:00,10:00:00,3.486208629,0,0,0,-3.041774748,0,0,0,10:00:00,0:00:00,0:00:00,0:00:00,45:00:00,0:00:00,0:00:00,0:00:00,-2.44%,0.00%,0.00%,0.00%
16,4/22/2023 12:00,Buy,39.47145798,4/22/2023 0:00,44.552018,3/27/2023 14:00,610:00:00,48.68998788,4/22/2023 12:00,27325.1,27431.4,27574.385,27561.788,27738.382,28480.015,0.39%,2.469890321,4/24/2023 1:00,-0.677399168,4/24/2023 8:00,1,TRUE,FALSE,FALSE,FALSE,44:00:00,37:00:00,2.469890321,0,0,0,-0.677399168,0,0,0,37:00:00,0:00:00,0:00:00,0:00:00,44:00:00,0:00:00,0:00:00,0:00:00,0.39%,0.00%,0.00%,0.00%
19,5/2/2023 1:00,Buy,28.81148649,5/1/2023 20:00,42.03214978,4/21/2023 23:00,237:00:00,33.81372385,5/2/2023 1:00,27927.2,29057.4,28199.91,28445.398,28801.576,28517.618,4.05%,4.76667908,5/3/2023 22:00,-0.262110058,5/2/2023 5:00,0,FALSE,FALSE,TRUE,FALSE,4:00:00,45:00:00,0,0,4.76667908,0,0,0,-0.262110058,0,0:00:00,0:00:00,45:00:00,0:00:00,0:00:00,0:00:00,4:00:00,0:00:00,0.00%,0.00%,4.05%,0.00%
20,5/6/2023 20:00,Buy,42.23079235,5/6/2023 14:00,28.81148649,5/1/2023 20:00,114:00:00,59.91412199,5/6/2023 20:00,28783.5,27519,28860.96,28427.708,28045.237,27450.2235,-4.39%,1.228134174,5/7/2023 1:00,-5.327705109,5/8/2023 20:00,1,FALSE,TRUE,FALSE,FALSE,48:00:00,5:00:00,0,1.228134174,0,0,0,-5.327705109,0,0,0:00:00,5:00:00,0:00:00,0:00:00,0:00:00,48:00:00,0:00:00,0:00:00,0.00%,-4.39%,0.00%,0.00%
21,5/8/2023 21:00,Buy,37.70547805,5/8/2023 19:00,28.81148649,5/1/2023 20:00,167:00:00,49.64277743,5/8/2023 21:00,27531.2,27497.5,27598.135,27661.732,27267.211,27141.1615,-0.12%,2.781571453,5/10/2023 13:00,-3.140437031,5/10/2023 17:00,1,FALSE,TRUE,FALSE,FALSE,44:00:00,40:00:00,0,2.781571453,0,0,0,-3.140437031,0,0,0:00:00,40:00:00,0:00:00,0:00:00,0:00:00,44:00:00,0:00:00,0:00:00,0.00%,-0.12%,0.00%,0.00%
23,5/17/2023 16:00,Buy,28.28534508,5/18/2023 17:00,32.59107659,5/12/2023 5:00,156:00:00,55.95454004,5/17/2023 16:00,26891.8,26822.4,27287.89,27039.502,26992.213,26860.498,-0.26%,2.261655969,5/17/2023 21:00,-2.069404056,5/18/2023 17:00,1,TRUE,FALSE,FALSE,FALSE,25:00:00,5:00:00,2.261655969,0,0,0,-2.069404056,0,0,0,5:00:00,0:00:00,0:00:00,0:00:00,25:00:00,0:00:00,0:00:00,0:00:00,-0.26%,0.00%,0.00%,0.00%
24,5/19/2023 3:00,Buy,28.28534508,5/18/2023 17:00,32.59107659,5/12/2023 5:00,156:00:00,47.64594298,5/19/2023 3:00,26825,27166.5,26855,26918.834,26906.904,26770.377,1.27%,1.726001864,5/21/2023 0:00,-0.797017707,5/19/2023 15:00,0,FALSE,FALSE,TRUE,FALSE,12:00:00,45:00:00,0,0,1.726001864,0,0,0,-0.797017707,0,0:00:00,0:00:00,45:00:00,0:00:00,0:00:00,0:00:00,12:00:00,0:00:00,0.00%,0.00%,1.27%,0.00%
25,5/22/2023 5:00,Buy,30.59489646,5/22/2023 1:00,29.8588885,5/17/2023 11:00,110:00:00,41.50841709,5/22/2023 5:00,26743,26762.3,26846.34,27040.47,26704.872,26982.4605,0.07%,2.933477919,5/23/2023 5:00,-0.369442471,5/24/2023 3:00,1,TRUE,FALSE,FALSE,FALSE,46:00:00,24:00:00,2.933477919,0,0,0,-0.369442471,0,0,0,24:00:00,0:00:00,0:00:00,0:00:00,46:00:00,0:00:00,0:00:00,0:00:00,0.07%,0.00%,0.00%,0.00%
27,5/25/2023 7:00,Buy,35.49868454,5/25/2023 1:00,47.08545181,5/24/2023 14:00,11:00:00,37.31108691,5/25/2023 7:00,26118.9,26715.3,26347.67,26509.458,26897.44,27095.9715,2.28%,3.086270861,5/26/2023 14:00,-0.042497961,5/25/2023 8:00,0,FALSE,FALSE,TRUE,FALSE,1:00:00,31:00:00,0,0,3.086270861,0,0,0,-0.042497961,0,0:00:00,0:00:00,31:00:00,0:00:00,0:00:00,0:00:00,1:00:00,0:00:00,0.00%,0.00%,2.28%,0.00%
29,5/31/2023 19:00,Buy,45.93643589,5/31/2023 15:00,53.04518016,5/31/2023 5:00,10:00:00,50.04422371,5/31/2023 19:00,26999.5,27231.6,26929.11,26973.016,27059.927,26739.126,0.86%,1.290394267,6/1/2023 0:00,-1.932998759,6/2/2023 0:00,1,FALSE,TRUE,FALSE,FALSE,29:00:00,5:00:00,0,1.290394267,0,0,0,-1.932998759,0,0,0:00:00,5:00:00,0:00:00,0:00:00,0:00:00,29:00:00,0:00:00,0:00:00,0.00%,0.86%,0.00%,0.00%
30,6/6/2023 14:00,Buy,23.4124299,6/6/2023 12:00,31.05672376,6/5/2023 18:00,18:00:00,54.28550276,6/6/2023 14:00,26014.2,26635.8,26799.665,26592.782,26428.381,26151.0635,2.39%,5.305563884,6/7/2023 0:00,-0.392477954,6/6/2023 15:00,0,FALSE,FALSE,TRUE,FALSE,1:00:00,10:00:00,0,0,5.305563884,0,0,0,-0.392477954,0,0:00:00,0:00:00,10:00:00,0:00:00,0:00:00,0:00:00,1:00:00,0:00:00,0.00%,0.00%,2.39%,0.00%
31,6/10/2023 16:00,Buy,40.73219036,6/10/2023 5:00,23.4124299,6/6/2023 12:00,89:00:00,46.94250088,6/10/2023 16:00,25580.5,25814.1,25753.265,25821.822,25889.402,25916.2835,0.91%,2.417857352,6/11/2023 20:00,-1.096538379,6/10/2023 18:00,0,FALSE,FALSE,TRUE,FALSE,2:00:00,28:00:00,0,0,2.417857352,0,0,0,-1.096538379,0,0:00:00,0:00:00,28:00:00,0:00:00,0:00:00,0:00:00,2:00:00,0:00:00,0.00%,0.00%,0.91%,0.00%
32,6/15/2023 15:00,Buy,37.64578037,6/14/2023 20:00,40.73219036,6/10/2023 5:00,111:00:00,30.25764057,6/15/2023 15:00,24948.4,26399.9,25455.105,25946.416,26214.762,27664.4585,5.82%,7.822545734,6/17/2023 5:00,-0.121049847,6/15/2023 16:00,0,FALSE,FALSE,TRUE,FALSE,1:00:00,38:00:00,0,0,7.822545734,0,0,0,-0.121049847,0,0:00:00,0:00:00,38:00:00,0:00:00,0:00:00,0:00:00,1:00:00,0:00:00,0.00%,0.00%,5.82%,0.00%
39,7/16/2023 5:00,Buy,27.99576477,7/14/2023 18:00,47.73725983,7/5/2023 11:00,223:00:00,54.64544011,7/16/2023 5:00,30225,30040.4,30283.14,30198.802,30073.201,29965.189,-0.61%,0.71662531,7/16/2023 14:00,-1.968569065,7/17/2023 18:00,1,FALSE,TRUE,FALSE,FALSE,37:00:00,9:00:00,0,0.71662531,0,0,0,-1.968569065,0,0,0:00:00,9:00:00,0:00:00,0:00:00,0:00:00,37:00:00,0:00:00,0:00:00,0.00%,-0.61%,0.00%,0.00%
41,7/25/2023 1:00,Buy,50.25938793,7/24/2023 9:00,40.49076322,7/17/2023 18:00,159:00:00,44.14332677,7/25/2023 1:00,29070,29384.3,29159.405,29229.99,29265.321,29268.6005,1.08%,2.065703474,7/26/2023 20:00,-0.062607499,7/25/2023 2:00,0,FALSE,FALSE,TRUE,FALSE,1:00:00,43:00:00,0,0,2.065703474,0,0,0,-0.062607499,0,0:00:00,0:00:00,43:00:00,0:00:00,0:00:00,0:00:00,1:00:00,0:00:00,0.00%,0.00%,1.08%,0.00%
42,8/1/2023 15:00,Buy,33.73036935,8/1/2023 3:00,40.050224,7/24/2023 14:00,181:00:00,51.04408962,8/1/2023 15:00,28942.9,29244.4,29434.55,29291.866,29210.65,29261.428,1.04%,3.859323012,8/2/2023 1:00,-0.320285804,8/1/2023 16:00,0,FALSE,FALSE,TRUE,FALSE,1:00:00,10:00:00,0,0,3.859323012,0,0,0,-0.320285804,0,0:00:00,0:00:00,10:00:00,0:00:00,0:00:00,0:00:00,1:00:00,0:00:00,0.00%,0.00%,1.04%,0.00%
45,8/14/2023 3:00,Buy,65.23793876,8/14/2023 23:00,40.49076322,7/17/2023 18:00,677:00:00,54.77719516,8/14/2023 3:00,29390,29216.7,29426.91,29360.614,28814.19,27446.458,-0.59%,1.00952705,8/14/2023 16:00,-1.156856073,8/15/2023 19:00,1,FALSE,TRUE,FALSE,FALSE,40:00:00,13:00:00,0,1.00952705,0,0,0,-1.156856073,0,0,0:00:00,13:00:00,0:00:00,0:00:00,0:00:00,40:00:00,0:00:00,0:00:00,0.00%,-0.59%,0.00%,0.00%
46,8/18/2023 23:00,Buy,40.63970557,8/18/2023 16:00,51.7464177,8/18/2023 4:00,12:00:00,44.25191527,8/18/2023 23:00,26042.1,26175.9,25984.18,26059.46,26036.506,26078.1635,0.51%,0.93272048,8/20/2023 20:00,-0.99339147,8/19/2023 7:00,0,FALSE,FALSE,FALSE,TRUE,8:00:00,45:00:00,0,0,0,0.93272048,0,0,0,-0.99339147,0:00:00,0:00:00,0:00:00,45:00:00,0:00:00,0:00:00,0:00:00,8:00:00,0.00%,0.00%,0.00%,0.51%
48,9/1/2023 19:00,Buy,22.32449593,9/1/2023 17:00,54.92969322,8/31/2023 21:00,20:00:00,41.81967174,9/1/2023 19:00,25637.1,25997.6,25780.59,25839.5,25826.653,25840.177,1.41%,1.864095393,9/3/2023 12:00,-0.311267655,9/1/2023 20:00,0,FALSE,FALSE,TRUE,FALSE,1:00:00,41:00:00,0,0,1.864095393,0,0,0,-0.311267655,0,0:00:00,0:00:00,41:00:00,0:00:00,0:00:00,0:00:00,1:00:00,0:00:00,0.00%,0.00%,1.41%,0.00%
51,9/12/2023 1:00,Buy,24.37579926,9/11/2023 19:00,32.85477357,9/11/2023 15:00,4:00:00,42.82336049,9/12/2023 1:00,25130.1,26162.3,25889.075,26008.472,26247.182,26511.966,4.11%,5.769575131,9/12/2023 16:00,-0.040190847,9/12/2023 2:00,0,FALSE,FALSE,TRUE,FALSE,1:00:00,15:00:00,0,0,5.769575131,0,0,0,-0.040190847,0,0:00:00,0:00:00,15:00:00,0:00:00,0:00:00,0:00:00,1:00:00,0:00:00,0.00%,0.00%,4.11%,0.00%
53,9/25/2023 14:00,Buy,46.7067692,9/25/2023 1:00,24.37579926,9/11/2023 19:00,318:00:00,50.99786484,9/25/2023 14:00,26123.4,26184,26282.585,26276.04,26496.551,26935.534,0.23%,2.781031566,9/27/2023 12:00,-0.280974146,9/27/2023 14:00,1,TRUE,FALSE,FALSE,FALSE,48:00:00,46:00:00,2.781031566,0,0,0,-0.280974146,0,0,0,46:00:00,0:00:00,0:00:00,0:00:00,48:00:00,0:00:00,0:00:00,0:00:00,0.23%,0.00%,0.00%,0.00%
58,10/11/2023 8:00,Buy,51.9647785,10/11/2023 3:00,45.31132308,10/9/2023 12:00,39:00:00,56.60449105,10/11/2023 8:00,27099.9,26783,26903.27,26818.872,26837.558,27466.6305,-1.17%,0.812180119,10/11/2023 10:00,-2.121410042,10/11/2023 17:00,1,FALSE,TRUE,FALSE,FALSE,9:00:00,2:00:00,0,0.812180119,0,0,0,-2.121410042,0,0,0:00:00,2:00:00,0:00:00,0:00:00,0:00:00,9:00:00,0:00:00,0:00:00,0.00%,-1.17%,0.00%,0.00%
59,10/12/2023 2:00,Buy,38.97574083,10/11/2023 17:00,45.31132308,10/9/2023 12:00,53:00:00,52.50566722,10/12/2023 2:00,26889.9,26889.7,26759.58,26793.06,26872.327,27650.38,0.00%,0.858686719,10/13/2023 21:00,-1.320570177,10/12/2023 17:00,0,FALSE,FALSE,FALSE,TRUE,15:00:00,43:00:00,0,0,0,0.858686719,0,0,0,-1.320570177,0:00:00,0:00:00,0:00:00,43:00:00,0:00:00,0:00:00,0:00:00,15:00:00,0.00%,0.00%,0.00%,0.00%
68,11/14/2023 4:00,Buy,48.45134947,11/14/2023 0:00,38.97574083,10/11/2023 17:00,799:00:00,59.10816991,11/14/2023 4:00,36528,37458,36167.74,36401.32,36452.333,36665.7695,2.55%,4.02978537,11/15/2023 23:00,-5.6989159,11/14/2023 18:00,0,FALSE,FALSE,FALSE,TRUE,14:00:00,43:00:00,0,0,0,4.02978537,0,0,0,-5.6989159,0:00:00,0:00:00,0:00:00,43:00:00,0:00:00,0:00:00,0:00:00,14:00:00,0.00%,0.00%,0.00%,2.55%
71,11/27/2023 2:00,Buy,50.42625975,11/26/2023 14:00,23.66083858,11/21/2023 23:00,111:00:00,50.11145151,11/27/2023 2:00,37299.7,37917,37083.91,37323.532,37592.936,38745.2835,1.65%,2.936484744,11/28/2023 19:00,-1.60778773,11/27/2023 16:00,0,FALSE,FALSE,TRUE,FALSE,14:00:00,41:00:00,0,0,2.936484744,0,0,0,-1.60778773,0,0:00:00,0:00:00,41:00:00,0:00:00,0:00:00,0:00:00,14:00:00,0:00:00,0.00%,0.00%,1.65%,0.00%
74,12/11/2023 23:00,Buy,35.92705509,12/11/2023 19:00,51.31152371,12/11/2023 2:00,17:00:00,52.82952375,12/11/2023 23:00,41271,42875,41616.35,41627.858,42131.299,42141.1085,3.89%,5.443531778,12/13/2023 22:00,-1.732451358,12/13/2023 2:00,0,FALSE,FALSE,TRUE,FALSE,27:00:00,47:00:00,0,0,5.443531778,0,0,0,-1.732451358,0,0:00:00,0:00:00,47:00:00,0:00:00,0:00:00,0:00:00,27:00:00,0:00:00,0.00%,0.00%,3.89%,0.00%
76,12/18/2023 12:00,Buy,36.09565937,12/18/2023 2:00,38.70171881,11/27/2023 14:00,492:00:00,37.16816503,12/18/2023 12:00,40941.2,43008.8,42279.235,42527.074,43163.35,43297.1975,5.05%,6.372065303,12/19/2023 2:00,-0.024669526,12/18/2023 13:00,0,FALSE,FALSE,TRUE,FALSE,1:00:00,14:00:00,0,0,6.372065303,0,0,0,-0.024669526,0,0:00:00,0:00:00,14:00:00,0:00:00,0:00:00,0:00:00,1:00:00,0:00:00,0.00%,0.00%,5.05%,0.00%
78,12/25/2023 4:00,Buy,40.93474413,12/24/2023 22:00,36.09565937,12/18/2023 2:00,164:00:00,54.58713414,12/25/2023 4:00,43133.6,42335.6,43445.89,42969.516,42942.755,42882.631,-1.85%,1.660886177,12/25/2023 13:00,-3.562420016,12/26/2023 17:00,1,FALSE,TRUE,FALSE,FALSE,37:00:00,9:00:00,0,1.660886177,0,0,0,-3.562420016,0,0,0:00:00,9:00:00,0:00:00,0:00:00,0:00:00,37:00:00,0:00:00,0:00:00,0.00%,-1.85%,0.00%,0.00%
79,12/27/2023 3:00,Buy,32.41104052,12/26/2023 17:00,38.33417641,12/25/2023 0:00,41:00:00,41.8806542,12/27/2023 3:00,42274.7,42738.1,42925.445,42905.736,42578.28,43122.5105,1.10%,3.726342233,12/28/2023 0:00,-0.358606921,12/29/2023 1:00,1,TRUE,FALSE,FALSE,FALSE,46:00:00,21:00:00,3.726342233,0,0,0,-0.358606921,0,0,0,21:00:00,0:00:00,0:00:00,0:00:00,46:00:00,0:00:00,0:00:00,0:00:00,1.10%,0.00%,0.00%,0.00%
81,1/4/2023 0:00,Buy,36.03082009,1/3/2024 14:00,37.12918382,12/11/2023 20:00,546:00:00,47.03527569,1/4/2023 0:00,16655.6,16852.1,16827.155,16824.916,16853.62,17085.032,1.18%,1.975311607,1/4/2023 19:00,-0.019813156,1/4/2023 1:00,0,FALSE,FALSE,TRUE,FALSE,1:00:00,19:00:00,0,0,1.975311607,0,0,0,-0.019813156,0,0:00:00,0:00:00,19:00:00,0:00:00,0:00:00,0:00:00,1:00:00,0:00:00,0.00%,0.00%,1.18%,0.00%
84,1/13/2024 11:00,Buy,41.32155238,1/12/2024 22:00,36.03082009,1/3/2024 14:00,224:00:00,51.52182732,1/13/2024 11:00,42631.9,42699.9,42822.765,42737.15,42791.456,42294.67,0.16%,1.504741754,1/13/2024 15:00,-2.154255382,1/14/2024 23:00,1,FALSE,TRUE,FALSE,FALSE,36:00:00,4:00:00,0,1.504741754,0,0,0,-2.154255382,0,0,0:00:00,4:00:00,0:00:00,0:00:00,0:00:00,36:00:00,0:00:00,0:00:00,0.00%,0.16%,0.00%,0.00%
85,1/19/2024 18:00,Buy,21.05882741,1/19/2024 16:00,37.45582721,1/18/2024 20:00,20:00:00,53.93641685,1/19/2024 18:00,41810.6,41680.1,41636.095,41661.038,40937.859,40803.953,-0.31%,0.924167556,1/19/2024 20:00,-0.853850459,1/20/2024 9:00,1,TRUE,FALSE,FALSE,FALSE,15:00:00,2:00:00,0.924167556,0,0,0,-0.853850459,0,0,0,2:00:00,0:00:00,0:00:00,0:00:00,15:00:00,0:00:00,0:00:00,0:00:00,-0.31%,0.00%,0.00%,0.00%
86,1/23/2024 21:00,Buy,36.6915736,1/23/2024 11:00,37.45582721,1/18/2024 20:00,111:00:00,45.73006665,1/23/2024 21:00,39216.6,39917.8,39891.54,39915.232,40641.469,41685.279,1.79%,3.427120148,1/24/2024 10:00,-0.06782842,1/23/2024 22:00,0,FALSE,FALSE,TRUE,FALSE,1:00:00,13:00:00,0,0,3.427120148,0,0,0,-0.06782842,0,0:00:00,0:00:00,13:00:00,0:00:00,0:00:00,0:00:00,1:00:00,0:00:00,0.00%,0.00%,1.79%,0.00%
92,2/17/2024 17:00,Buy,30.81954394,2/17/2024 14:00,42.55629932,1/31/2024 10:00,412:00:00,42.89997457,2/17/2024 17:00,51245.9,52188.4,51627.765,51903.46,51816.49,51611.4135,1.84%,2.511420426,2/19/2024 7:00,-0.147719135,2/17/2024 18:00,0,FALSE,FALSE,TRUE,FALSE,1:00:00,38:00:00,0,0,2.511420426,0,0,0,-0.147719135,0,0:00:00,0:00:00,38:00:00,0:00:00,0:00:00,0:00:00,1:00:00,0:00:00,0.00%,0.00%,1.84%,0.00%
95,3/6/2024 3:00,Buy,27.83687445,3/5/2024 19:00,14.76913997,2/26/2024 9:00,202:00:00,46.28681765,3/6/2024 3:00,63323.6,67219.9,66355.62,66653.072,67465.121,69528.7775,6.15%,7.544896374,3/7/2024 17:00,-0.016265658,3/6/2024 4:00,0,FALSE,FALSE,TRUE,FALSE,1:00:00,38:00:00,0,0,7.544896374,0,0,0,-0.016265658,0,0:00:00,0:00:00,38:00:00,0:00:00,0:00:00,0:00:00,1:00:00,0:00:00,0.00%,0.00%,6.15%,0.00%
99,3/15/2024 17:00,Buy,45.11039711,3/15/2024 4:00,50.66873988,3/14/2024 19:00,9:00:00,59.28444942,3/15/2024 17:00,68262.3,68592.4,68972.61,67763.94,67139.456,66015.805,0.48%,3.594370538,3/15/2024 19:00,-5.423930925,3/17/2024 7:00,1,FALSE,TRUE,FALSE,FALSE,38:00:00,2:00:00,0,3.594370538,0,0,0,-5.423930925,0,0,0:00:00,2:00:00,0:00:00,0:00:00,0:00:00,38:00:00,0:00:00,0:00:00,0.00%,0.48%,0.00%,0.00%
100,3/17/2024 7:00,Buy,36.35344418,3/17/2024 0:00,45.11039711,3/15/2024 4:00,44:00:00,48.05305627,3/17/2024 7:00,65681.2,64742.1,67602.38,67305.234,65964.817,65671.8985,-1.43%,5.120491099,3/18/2024 5:00,-3.130576177,3/19/2024 7:00,1,TRUE,FALSE,FALSE,FALSE,48:00:00,22:00:00,5.120491099,0,0,0,-3.130576177,0,0,0,22:00:00,0:00:00,0:00:00,0:00:00,48:00:00,0:00:00,0:00:00,0:00:00,-1.43%,0.00%,0.00%,0.00%
101,3/19/2024 16:00,Buy,48.31420115,3/19/2024 8:00,27.83687445,3/5/2024 19:00,325:00:00,44.59881445,3/19/2024 16:00,65008.9,66844.1,63136.77,65072.212,64887.775,66609.476,2.82%,5.05315426,3/21/2024 0:00,-6.474344282,3/20/2024 5:00,0,FALSE,FALSE,FALSE,TRUE,13:00:00,32:00:00,0,0,0,5.05315426,0,0,0,-6.474344282,0:00:00,0:00:00,0:00:00,32:00:00,0:00:00,0:00:00,0:00:00,13:00:00,0.00%,0.00%,0.00%,2.82%
106,4/3/2024 0:00,Buy,42.39737008,4/2/2024 13:00,37.35488947,3/22/2024 14:00,263:00:00,47.51211998,4/3/2024 0:00,65433.9,68601.7,66111.635,66599.898,67239.747,68668.943,4.84%,5.953794593,4/4/2024 18:00,-0.510285953,4/4/2024 4:00,0,FALSE,FALSE,TRUE,FALSE,28:00:00,42:00:00,0,0,5.953794593,0,0,0,-0.510285953,0,0:00:00,0:00:00,42:00:00,0:00:00,0:00:00,0:00:00,28:00:00,0:00:00,0.00%,0.00%,4.84%,0.00%
111,4/13/2024 7:00,Buy,49.34053894,4/12/2024 18:00,42.39737008,4/2/2024 13:00,245:00:00,60.90419237,4/13/2024 7:00,67466.1,66224.8,65845.89,65144.056,64358.307,63888.3495,-1.84%,0.723178011,4/13/2024 15:00,-11.5815202,4/13/2024 20:00,1,FALSE,TRUE,FALSE,FALSE,13:00:00,8:00:00,0,0.723178011,0,0,0,-11.5815202,0,0,0:00:00,8:00:00,0:00:00,0:00:00,0:00:00,13:00:00,0:00:00,0:00:00,0.00%,-1.84%,0.00%,0.00%
112,4/18/2024 0:00,Buy,35.26762978,4/17/2024 15:00,49.34053894,4/12/2024 18:00,117:00:00,39.15805102,4/18/2024 0:00,61495.6,63407.4,62196.08,63118.916,63867.468,64679.815,3.11%,6.479162737,4/19/2024 11:00,-3.178438783,4/19/2024 2:00,0,FALSE,FALSE,TRUE,FALSE,26:00:00,35:00:00,0,0,6.479162737,0,0,0,-3.178438783,0,0:00:00,0:00:00,35:00:00,0:00:00,0:00:00,0:00:00,26:00:00,0:00:00,0.00%,0.00%,3.11%,0.00%
113,4/25/2024 15:00,Buy,33.99938281,4/25/2024 14:00,49.57702721,4/24/2024 18:00,20:00:00,57.77294548,4/25/2024 15:00,64091.7,62928.4,64437.68,63796.968,63503.429,61696.907,-1.82%,1.839395741,4/25/2024 21:00,-2.744349112,4/27/2024 1:00,1,FALSE,TRUE,FALSE,FALSE,34:00:00,6:00:00,0,1.839395741,0,0,0,-2.744349112,0,0,0:00:00,6:00:00,0:00:00,0:00:00,0:00:00,34:00:00,0:00:00,0:00:00,0.00%,-1.82%,0.00%,0.00%
114,4/29/2024 13:00,Buy,48.12720827,4/29/2024 3:00,47.00078015,4/24/2024 19:00,104:00:00,61.87951704,4/29/2024 13:00,61990.1,57283.4,63184.775,61083.324,59915.103,61736.658,-7.59%,4.371504482,4/30/2024 0:00,-8.795598007,5/1/2024 8:00,1,FALSE,TRUE,FALSE,FALSE,43:00:00,11:00:00,0,4.371504482,0,0,0,-8.795598007,0,0,0:00:00,11:00:00,0:00:00,0:00:00,0:00:00,43:00:00,0:00:00,0:00:00,0.00%,-7.59%,0.00%,0.00%
115,5/4/2024 6:00,Buy,44.09588047,5/3/2024 20:00,78.68619931,4/30/2024 0:00,92:00:00,48.9822993,5/4/2024 6:00,62932.1,64199.1,63604.08,63749.662,63545.925,62553.229,2.01%,2.720710099,5/5/2024 15:00,-0.157471306,5/5/2024 1:00,0,FALSE,FALSE,TRUE,FALSE,19:00:00,33:00:00,0,0,2.720710099,0,0,0,-0.157471306,0,0:00:00,0:00:00,33:00:00,0:00:00,0:00:00,0:00:00,19:00:00,0:00:00,0.00%,0.00%,2.01%,0.00%
117,5/9/2024 13:00,Buy,33.27773396,5/9/2024 10:00,48.12720827,4/29/2024 3:00,247:00:00,52.88257854,5/9/2024 13:00,61165.4,60939.2,62542.965,61717.512,61586.927,62899.572,-0.37%,3.730540469,5/9/2024 22:00,-1.71338698,5/10/2024 17:00,1,TRUE,FALSE,FALSE,FALSE,28:00:00,9:00:00,3.730540469,0,0,0,-1.71338698,0,0,0,9:00:00,0:00:00,0:00:00,0:00:00,28:00:00,0:00:00,0:00:00,0:00:00,-0.37%,0.00%,0.00%,0.00%
119,5/24/2024 4:00,Buy,39.10223401,5/23/2024 19:00,27.54871923,5/19/2024 19:00,96:00:00,33.01448648,5/24/2024 4:00,67737.4,68993.5,67998.015,68602.898,68785.078,68430.6875,1.85%,2.783395879,5/25/2024 11:00,-1.621556186,5/24/2024 8:00,0,FALSE,FALSE,TRUE,FALSE,4:00:00,31:00:00,0,0,2.783395879,0,0,0,-1.621556186,0,0:00:00,0:00:00,31:00:00,0:00:00,0:00:00,0:00:00,4:00:00,0:00:00,0.00%,0.00%,1.85%,0.00%
,,,,,,,,,,,,,,,,1.06%,3.272569313,,-1.882776974,,0.4375,9,12,23,4,20:21:15,24:25:00,3.04820064,1.794375756,4.227941972,2.718586707,-1.388379458,-4.15917081,-0.586113395,-3.621805457,19:33:20,9:30:00,31:15:39,40:45:00,38:20:00,34:00:00,7:33:55,12:30:00,-0.34%,-1.54%,2.88%,1.96%
,,,,,,,,,,,,,,,,,,,,,,18.75%,25.00%,47.92%,8.33%,,,,,,,,,,,,,,,,,,,,,,
